method,step,threshold,estimate,lower_bound,mode_error,admissible,unsafe
point_estimate_controller,0,1.0,1.1333705836075911,0.9093705836075912,0.03,0,0
point_estimate_controller,1,1.0,1.1402355297162046,0.9162355297162046,0.03,0,0
point_estimate_controller,2,1.0,1.163095866381289,0.939095866381289,0.03,0,0
point_estimate_controller,3,1.0,1.1276224135429616,0.9036224135429616,0.03,0,0
point_estimate_controller,4,1.0,1.1335576288292655,0.9095576288292655,0.03,0,0
point_estimate_controller,5,1.0,1.1191529464476593,0.8951529464476593,0.03,0,0
point_estimate_controller,6,1.0,1.1352434834939613,0.9112434834939613,0.03,0,0
point_estimate_controller,7,1.0,1.1079773320307038,0.8839773320307038,0.03,0,0
point_estimate_controller,8,1.0,1.1022133651759256,0.8782133651759256,0.03,0,0
point_estimate_controller,9,1.0,1.1097488455258229,0.8857488455258229,0.03,0,0
point_estimate_controller,10,1.0,1.1291308741252077,0.9051308741252078,0.03,0,0
point_estimate_controller,11,1.0,1.1121138231376746,0.8881138231376746,0.03,0,0
point_estimate_controller,12,1.0,1.0927788384354207,0.8687788384354207,0.03,0,0
point_estimate_controller,13,1.0,1.0790181359053188,0.8550181359053188,0.03,0,0
point_estimate_controller,14,1.0,1.0697465983688765,0.8457465983688766,0.03,0,0
point_estimate_controller,15,1.0,1.1089529152155773,0.8849529152155773,0.03,0,0
point_estimate_controller,16,1.0,1.0749223997903223,0.8509223997903224,0.03,0,0
point_estimate_controller,17,1.0,1.091835680198829,0.867835680198829,0.03,0,0
point_estimate_controller,18,1.0,1.0754526148061687,0.8514526148061687,0.03,0,0
point_estimate_controller,19,1.0,1.0720068566435372,0.8480068566435373,0.03,0,0
point_estimate_controller,20,1.0,1.0676636689042178,0.8436636689042178,0.03,0,0
point_estimate_controller,21,1.0,1.0512247262968866,0.8272247262968866,0.03,0,0
point_estimate_controller,22,1.0,1.0592903428106295,0.8352903428106295,0.03,0,0
point_estimate_controller,23,1.0,1.0727369256654882,0.8487369256654882,0.03,0,0
point_estimate_controller,24,1.0,1.0623609293314868,0.8383609293314869,0.03,0,0
point_estimate_controller,25,1.0,1.0550881072238256,0.8310881072238256,0.03,0,0
point_estimate_controller,26,1.0,1.049215362423585,0.825215362423585,0.03,0,0
point_estimate_controller,27,1.0,1.028892346667482,0.804892346667482,0.03,0,0
point_estimate_controller,28,1.0,1.0338095234438167,0.7378095234438167,0.03,0,0
point_estimate_controller,29,1.0,1.0560327471142865,0.7600327471142865,0.03,0,0
point_estimate_controller,30,1.0,1.0499470876502712,0.7539470876502712,0.03,0,0
point_estimate_controller,31,1.0,1.0464789670943744,0.7504789670943743,0.03,0,0
point_estimate_controller,32,1.0,1.0075248686350649,0.7115248686350648,0.03,0,0
point_estimate_controller,33,1.0,1.0101715053224196,0.7141715053224196,0.03,0,0
point_estimate_controller,34,1.0,1.0250868454725903,0.7290868454725903,0.03,0,0
point_estimate_controller,35,1.0,0.9879258855031625,0.6919258855031625,0.03,0,0
point_estimate_controller,36,1.0,1.0222413620806665,0.7262413620806665,0.03,0,0
point_estimate_controller,37,1.0,1.0239554504207071,0.7279554504207071,0.03,0,0
point_estimate_controller,38,1.0,1.0042774448536693,0.7082774448536693,0.3,0,0
point_estimate_controller,39,1.0,0.9889891998973793,0.6929891998973794,0.3,0,0
point_estimate_controller,40,1.0,0.9740219747744642,0.6780219747744642,0.3,0,0
point_estimate_controller,41,1.0,0.9730682419409684,0.6770682419409684,0.3,0,0
point_estimate_controller,42,1.0,0.9781307796450697,0.6821307796450697,0.3,0,0
point_estimate_controller,43,1.0,0.9596746915117562,0.6636746915117562,0.3,0,0
point_estimate_controller,44,1.0,0.960795632149565,0.6647956321495649,0.3,0,0
point_estimate_controller,45,1.0,0.9568322592162188,0.6608322592162188,0.3,0,0
point_estimate_controller,46,1.0,0.9784541783926296,0.7544541783926296,0.3,0,0
point_estimate_controller,47,1.0,0.975596480448349,0.751596480448349,0.3,0,0
point_estimate_controller,48,1.0,0.9744662158182203,0.7504662158182204,0.3,0,0
point_estimate_controller,49,1.0,0.9535127575688135,0.7295127575688135,0.3,0,0
point_estimate_controller,50,1.0,0.927206465157848,0.703206465157848,0.3,0,0
point_estimate_controller,51,1.0,0.924035944996469,0.700035944996469,0.3,0,0
point_estimate_controller,52,1.0,0.9553438195188197,0.7313438195188198,0.3,0,0
point_estimate_controller,53,1.0,0.9581602504746509,0.7341602504746509,0.3,0,0
point_estimate_controller,54,1.0,0.9402517476879502,0.7162517476879502,0.3,0,0
point_estimate_controller,55,1.0,0.9515012209342149,0.7275012209342149,0.3,0,0
point_estimate_controller,56,1.0,0.9128868365085152,0.6888868365085152,0.03,0,0
point_estimate_controller,57,1.0,0.9379411685145933,0.7139411685145933,0.03,0,0
point_estimate_controller,58,1.0,0.9392951401012156,0.7152951401012156,0.03,0,0
point_estimate_controller,59,1.0,0.9292816342247405,0.7052816342247406,0.03,0,0
point_estimate_controller,60,1.0,0.9100072228112447,0.6860072228112447,0.03,0,0
point_estimate_controller,61,1.0,0.9153275444092767,0.6913275444092767,0.03,0,0
point_estimate_controller,62,1.0,0.9085838290969888,0.6845838290969888,0.03,0,0
point_estimate_controller,63,1.0,0.876573533695636,0.652573533695636,0.03,0,0
point_estimate_controller,64,1.0,0.8870903637125265,0.6630903637125265,0.03,0,0
point_estimate_controller,65,1.0,0.8932258449810593,0.6692258449810593,0.03,0,0
point_estimate_controller,66,1.0,0.8677055598203814,0.6437055598203815,0.03,0,0
point_estimate_controller,67,1.0,0.8704262331152853,0.6464262331152854,0.03,0,0
point_estimate_controller,68,1.0,0.8907682677760075,0.6667682677760075,0.03,0,0
point_estimate_controller,69,1.0,0.898887255052717,0.6748872550527171,0.03,0,0
point_estimate_controller,70,1.0,0.8756431815295873,0.6516431815295873,0.03,0,0
point_estimate_controller,71,1.0,0.8870682643575926,0.6630682643575926,0.03,0,0
point_estimate_controller,72,1.0,0.8576013119924945,0.6336013119924945,0.03,0,0
point_estimate_controller,73,1.0,0.8740685523936427,0.6500685523936427,0.03,0,0
point_estimate_controller,74,1.0,0.8535810215165472,0.6295810215165473,0.03,0,0
point_estimate_controller,75,1.0,0.8390742964455301,0.6150742964455301,0.03,0,0
point_estimate_controller,76,1.0,0.8427531921429597,0.6187531921429598,0.03,0,0
point_estimate_controller,77,1.0,0.8389820354593311,0.6149820354593312,0.03,0,0
point_estimate_controller,78,1.0,0.8466352430897396,0.6226352430897396,0.03,0,0
point_estimate_controller,79,1.0,0.8209994046962462,0.5969994046962462,0.03,0,0
symmetric_interval_wrapper,0,1.0,1.1596349881105932,0.5576349881105932,0.03,0,0
symmetric_interval_wrapper,1,1.0,1.1222945893130178,0.5202945893130179,0.03,0,0
symmetric_interval_wrapper,2,1.0,1.1485278756128612,0.5465278756128612,0.03,0,0
symmetric_interval_wrapper,3,1.0,1.128504909874608,0.5265049098746081,0.03,0,0
symmetric_interval_wrapper,4,1.0,1.1579107298467102,0.5559107298467102,0.03,0,0
symmetric_interval_wrapper,5,1.0,1.1154359184880485,0.5134359184880485,0.03,0,0
symmetric_interval_wrapper,6,1.0,1.1274698083004913,0.5254698083004913,0.03,0,0
symmetric_interval_wrapper,7,1.0,1.13497996276087,0.5329799627608701,0.03,0,0
symmetric_interval_wrapper,8,1.0,1.1195937002500504,0.5175937002500505,0.03,0,0
symmetric_interval_wrapper,9,1.0,1.1352077208887565,0.5332077208887566,0.03,0,0
symmetric_interval_wrapper,10,1.0,1.1123433352125875,0.5103433352125876,0.03,0,0
symmetric_interval_wrapper,11,1.0,1.0844654122028037,0.4824654122028037,0.03,0,0
symmetric_interval_wrapper,12,1.0,1.1084915999010474,0.5064915999010474,0.03,0,0
symmetric_interval_wrapper,13,1.0,1.0760231210290332,0.4740231210290332,0.03,0,0
symmetric_interval_wrapper,14,1.0,1.0870708745724718,0.4850708745724718,0.03,0,0
symmetric_interval_wrapper,15,1.0,1.111566790382918,0.5095667903829181,0.03,0,0
symmetric_interval_wrapper,16,1.0,1.0651410268732056,0.4631410268732056,0.03,0,0
symmetric_interval_wrapper,17,1.0,1.0733686329979562,0.47136863299795617,0.03,0,0
symmetric_interval_wrapper,18,1.0,1.081906377801033,0.47990637780103296,0.03,0,0
symmetric_interval_wrapper,19,1.0,1.0926908032278202,0.4906908032278202,0.03,0,0
symmetric_interval_wrapper,20,1.0,1.0479885837408913,0.44598858374089134,0.03,0,0
symmetric_interval_wrapper,21,1.0,1.0826460379412803,0.48064603794128036,0.03,0,0
symmetric_interval_wrapper,22,1.0,1.0814654958025671,0.47946549580256714,0.03,0,0
symmetric_interval_wrapper,23,1.0,1.0608487448656962,0.45884874486569627,0.03,0,0
symmetric_interval_wrapper,24,1.0,1.0512109832196457,0.4492109832196457,0.03,0,0
symmetric_interval_wrapper,25,1.0,1.0722730189710414,0.47027301897104146,0.03,0,0
symmetric_interval_wrapper,26,1.0,1.0324310010391495,0.43043100103914955,0.03,0,0
symmetric_interval_wrapper,27,1.0,1.0437363784226625,0.44173637842266256,0.03,0,0
symmetric_interval_wrapper,28,1.0,1.0554637659407202,0.3814637659407203,0.03,0,0
symmetric_interval_wrapper,29,1.0,1.0206159371238421,0.3466159371238422,0.03,0,0
symmetric_interval_wrapper,30,1.0,1.0133120121275954,0.33931201212759543,0.03,0,0
symmetric_interval_wrapper,31,1.0,1.0413223823251794,0.36732238232517944,0.03,0,0
symmetric_interval_wrapper,32,1.0,0.9978851738157326,0.3238851738157327,0.03,0,0
symmetric_interval_wrapper,33,1.0,1.0061534287228622,0.33215342872286224,0.03,0,0
symmetric_interval_wrapper,34,1.0,0.9988353205534657,0.32483532055346576,0.03,0,0
symmetric_interval_wrapper,35,1.0,0.9905739416452438,0.3165739416452439,0.03,0,0
symmetric_interval_wrapper,36,1.0,1.004906417781606,0.3309064177816061,0.03,0,0
symmetric_interval_wrapper,37,1.0,1.0155579955145515,0.34155799551455157,0.03,0,0
symmetric_interval_wrapper,38,1.0,1.0107542521584079,0.33675425215840793,0.3,0,0
symmetric_interval_wrapper,39,1.0,0.9883371751316194,0.3143371751316195,0.3,0,0
symmetric_interval_wrapper,40,1.0,0.9695852249809367,0.29558522498093676,0.3,0,0
symmetric_interval_wrapper,41,1.0,1.0069485020254385,0.3329485020254386,0.3,0,0
symmetric_interval_wrapper,42,1.0,0.9716102760091071,0.29761027600910717,0.3,0,0
symmetric_interval_wrapper,43,1.0,0.9891997893445917,0.3151997893445918,0.3,0,0
symmetric_interval_wrapper,44,1.0,0.9704383629298213,0.2964383629298214,0.3,0,0
symmetric_interval_wrapper,45,1.0,0.9677125838995535,0.29371258389955357,0.3,0,0
symmetric_interval_wrapper,46,1.0,0.9548185999741635,0.35281859997416354,0.3,0,0
symmetric_interval_wrapper,47,1.0,0.9526475761700972,0.35064757617009723,0.3,0,0
symmetric_interval_wrapper,48,1.0,0.9439072157771611,0.3419072157771611,0.3,0,0
symmetric_interval_wrapper,49,1.0,0.9662686947998486,0.3642686947998486,0.3,0,0
symmetric_interval_wrapper,50,1.0,0.9712700680138109,0.3692700680138109,0.3,0,0
symmetric_interval_wrapper,51,1.0,0.9687416224663644,0.36674162246636444,0.3,0,0
symmetric_interval_wrapper,52,1.0,0.9345009482578093,0.3325009482578093,0.3,0,0
symmetric_interval_wrapper,53,1.0,0.9206044191470997,0.3186044191470997,0.3,0,0
symmetric_interval_wrapper,54,1.0,0.9246991050103053,0.3226991050103053,0.3,0,0
symmetric_interval_wrapper,55,1.0,0.9341066980797719,0.3321066980797719,0.3,0,0
symmetric_interval_wrapper,56,1.0,0.9250494667321035,0.32304946673210355,0.03,0,0
symmetric_interval_wrapper,57,1.0,0.9249303142763178,0.3229303142763178,0.03,0,0
symmetric_interval_wrapper,58,1.0,0.9340949810892358,0.33209498108923585,0.03,0,0
symmetric_interval_wrapper,59,1.0,0.8940333895174473,0.2920333895174473,0.03,0,0
symmetric_interval_wrapper,60,1.0,0.9071235975256193,0.30512359752561935,0.03,0,0
symmetric_interval_wrapper,61,1.0,0.9293836227603535,0.3273836227603535,0.03,0,0
symmetric_interval_wrapper,62,1.0,0.8804960697753087,0.2784960697753087,0.03,0,0
symmetric_interval_wrapper,63,1.0,0.9205195210222509,0.3185195210222509,0.03,0,0
symmetric_interval_wrapper,64,1.0,0.9064744973671958,0.3044744973671958,0.03,0,0
symmetric_interval_wrapper,65,1.0,0.8862737207164884,0.2842737207164884,0.03,0,0
symmetric_interval_wrapper,66,1.0,0.9085386533016228,0.3065386533016228,0.03,0,0
symmetric_interval_wrapper,67,1.0,0.9018814396047427,0.2998814396047427,0.03,0,0
symmetric_interval_wrapper,68,1.0,0.855879484559634,0.25387948455963405,0.03,0,0
symmetric_interval_wrapper,69,1.0,0.8743321327179077,0.2723321327179077,0.03,0,0
symmetric_interval_wrapper,70,1.0,0.869461658420711,0.267461658420711,0.03,0,0
symmetric_interval_wrapper,71,1.0,0.8803946867966778,0.2783946867966778,0.03,0,0
symmetric_interval_wrapper,72,1.0,0.8749588676201949,0.27295886762019494,0.03,0,0
symmetric_interval_wrapper,73,1.0,0.8402994019082465,0.2382994019082465,0.03,0,0
symmetric_interval_wrapper,74,1.0,0.8290741403833215,0.22707414038332152,0.03,0,0
symmetric_interval_wrapper,75,1.0,0.8580821885330845,0.2560821885330845,0.03,0,0
symmetric_interval_wrapper,76,1.0,0.8369814419156946,0.2349814419156946,0.03,0,0
symmetric_interval_wrapper,77,1.0,0.8510977287365733,0.24909772873657332,0.03,0,0
symmetric_interval_wrapper,78,1.0,0.8306846484649976,0.2286846484649976,0.03,0,0
symmetric_interval_wrapper,79,1.0,0.832745864826981,0.230745864826981,0.03,0,0
fixed_controller_relative_contract,0,1.0,1.1494263765413224,0.7434263765413224,0.03,0,0
fixed_controller_relative_contract,1,1.0,1.1456701460052923,0.7396701460052922,0.03,0,0
fixed_controller_relative_contract,2,1.0,1.1408382477760117,0.7348382477760117,0.03,0,0
fixed_controller_relative_contract,3,1.0,1.1218426544266829,0.7158426544266828,0.03,0,0
fixed_controller_relative_contract,4,1.0,1.1457308604260312,0.7397308604260312,0.03,0,0
fixed_controller_relative_contract,5,1.0,1.1267081967805137,0.7207081967805137,0.03,0,0
fixed_controller_relative_contract,6,1.0,1.1125663307075082,0.7065663307075082,0.03,0,0
fixed_controller_relative_contract,7,1.0,1.1301178317223408,0.7241178317223408,0.03,0,0
fixed_controller_relative_contract,8,1.0,1.1307482141285636,0.7247482141285636,0.03,0,0
fixed_controller_relative_contract,9,1.0,1.099042190497019,0.6930421904970189,0.03,0,0
fixed_controller_relative_contract,10,1.0,1.1347482515984695,0.7287482515984695,0.03,0,0
fixed_controller_relative_contract,11,1.0,1.0892873017172002,0.6832873017172002,0.03,0,0
fixed_controller_relative_contract,12,1.0,1.080770042796527,0.674770042796527,0.03,0,0
fixed_controller_relative_contract,13,1.0,1.1137468263171892,0.7077468263171892,0.03,0,0
fixed_controller_relative_contract,14,1.0,1.0953811831358788,0.6893811831358788,0.03,0,0
fixed_controller_relative_contract,15,1.0,1.0653402469790572,0.6593402469790571,0.03,0,0
fixed_controller_relative_contract,16,1.0,1.090042751443624,0.6840427514436239,0.03,0,0
fixed_controller_relative_contract,17,1.0,1.0917417394463151,0.6857417394463151,0.03,0,0
fixed_controller_relative_contract,18,1.0,1.0717029689708553,0.6657029689708552,0.03,0,0
fixed_controller_relative_contract,19,1.0,1.0723584428010329,0.6663584428010328,0.03,0,0
fixed_controller_relative_contract,20,1.0,1.0665752867319096,0.6605752867319096,0.03,0,0
fixed_controller_relative_contract,21,1.0,1.0689285788717529,0.6629285788717528,0.03,0,0
fixed_controller_relative_contract,22,1.0,1.0836691475906044,0.6776691475906044,0.03,0,0
fixed_controller_relative_contract,23,1.0,1.0626138180263884,0.6566138180263884,0.03,0,0
fixed_controller_relative_contract,24,1.0,1.0632949632000392,0.6572949632000392,0.03,0,0
fixed_controller_relative_contract,25,1.0,1.0336404852105616,0.6276404852105616,0.03,0,0
fixed_controller_relative_contract,26,1.0,1.027916595580578,0.621916595580578,0.03,0,0
fixed_controller_relative_contract,27,1.0,1.0205511735966868,0.6145511735966868,0.03,0,0
fixed_controller_relative_contract,28,1.0,1.0441294286320593,0.5661294286320593,0.03,0,0
fixed_controller_relative_contract,29,1.0,1.0488981516385247,0.5708981516385248,0.03,0,0
fixed_controller_relative_contract,30,1.0,1.0296916576426445,0.5516916576426445,0.03,0,0
fixed_controller_relative_contract,31,1.0,1.017993230504255,0.539993230504255,0.03,0,0
fixed_controller_relative_contract,32,1.0,1.0217728595515785,0.5437728595515785,0.03,0,0
fixed_controller_relative_contract,33,1.0,1.0379251376977783,0.5599251376977783,0.03,0,0
fixed_controller_relative_contract,34,1.0,0.9997811523291416,0.5217811523291416,0.03,0,0
fixed_controller_relative_contract,35,1.0,1.0233853722685906,0.5453853722685906,0.03,0,0
fixed_controller_relative_contract,36,1.0,1.0026564373763387,0.5246564373763387,0.03,0,0
fixed_controller_relative_contract,37,1.0,1.008432712237912,0.530432712237912,0.03,0,0
fixed_controller_relative_contract,38,1.0,0.9885805701710665,0.5105805701710664,0.3,0,0
fixed_controller_relative_contract,39,1.0,1.0042486296862525,0.5262486296862525,0.3,0,0
fixed_controller_relative_contract,40,1.0,1.0044324359461774,0.5264324359461774,0.3,0,0
fixed_controller_relative_contract,41,1.0,0.9869764947571923,0.5089764947571922,0.3,0,0
fixed_controller_relative_contract,42,1.0,0.9884356298920043,0.5104356298920043,0.3,0,0
fixed_controller_relative_contract,43,1.0,0.961358659026126,0.483358659026126,0.3,0,0
fixed_controller_relative_contract,44,1.0,0.9759144969566164,0.4979144969566163,0.3,0,0
fixed_controller_relative_contract,45,1.0,0.9633569841724318,0.4853569841724317,0.3,0,0
fixed_controller_relative_contract,46,1.0,0.95904806813369,0.55304806813369,0.3,0,0
fixed_controller_relative_contract,47,1.0,0.9526473019089285,0.5466473019089285,0.3,0,0
fixed_controller_relative_contract,48,1.0,0.9489061809984939,0.5429061809984939,0.3,0,0
fixed_controller_relative_contract,49,1.0,0.9350670885257376,0.5290670885257376,0.3,0,0
fixed_controller_relative_contract,50,1.0,0.9335308427337955,0.5275308427337955,0.3,0,0
fixed_controller_relative_contract,51,1.0,0.9461392537657174,0.5401392537657174,0.3,0,0
fixed_controller_relative_contract,52,1.0,0.9529381641580883,0.5469381641580883,0.3,0,0
fixed_controller_relative_contract,53,1.0,0.9305957822963914,0.5245957822963914,0.3,0,0
fixed_controller_relative_contract,54,1.0,0.9470730908773372,0.5410730908773371,0.3,0,0
fixed_controller_relative_contract,55,1.0,0.9382524350340355,0.5322524350340355,0.3,0,0
fixed_controller_relative_contract,56,1.0,0.9431968234980121,0.5371968234980121,0.03,0,0
fixed_controller_relative_contract,57,1.0,0.9046492594128707,0.49864925941287064,0.03,0,0
fixed_controller_relative_contract,58,1.0,0.8930499984603351,0.48704999846033503,0.03,0,0
fixed_controller_relative_contract,59,1.0,0.9086867791604255,0.5026867791604255,0.03,0,0
fixed_controller_relative_contract,60,1.0,0.8857247108052718,0.4797247108052718,0.03,0,0
fixed_controller_relative_contract,61,1.0,0.919423911634865,0.513423911634865,0.03,0,0
fixed_controller_relative_contract,62,1.0,0.8972736077369718,0.4912736077369718,0.03,0,0
fixed_controller_relative_contract,63,1.0,0.8853558933415723,0.47935589334157225,0.03,0,0
fixed_controller_relative_contract,64,1.0,0.8842211742715879,0.47822117427158783,0.03,0,0
fixed_controller_relative_contract,65,1.0,0.8716875913604796,0.46568759136047955,0.03,0,0
fixed_controller_relative_contract,66,1.0,0.8866863503225236,0.4806863503225236,0.03,0,0
fixed_controller_relative_contract,67,1.0,0.8641884138364502,0.45818841383645015,0.03,0,0
fixed_controller_relative_contract,68,1.0,0.8827469747012087,0.47674697470120864,0.03,0,0
fixed_controller_relative_contract,69,1.0,0.8637246315695739,0.4577246315695739,0.03,0,0
fixed_controller_relative_contract,70,1.0,0.8521615239461945,0.44616152394619446,0.03,0,0
fixed_controller_relative_contract,71,1.0,0.8892724623751648,0.48327246237516475,0.03,0,0
fixed_controller_relative_contract,72,1.0,0.8375491633251021,0.43154916332510207,0.03,0,0
fixed_controller_relative_contract,73,1.0,0.8616378229988203,0.4556378229988203,0.03,0,0
fixed_controller_relative_contract,74,1.0,0.8326548422507063,0.42665484225070627,0.03,0,0
fixed_controller_relative_contract,75,1.0,0.867993704917526,0.461993704917526,0.03,0,0
fixed_controller_relative_contract,76,1.0,0.8307021266525139,0.42470212665251383,0.03,0,0
fixed_controller_relative_contract,77,1.0,0.8459952230086599,0.4399952230086599,0.03,0,0
fixed_controller_relative_contract,78,1.0,0.8186118419760253,0.4126118419760253,0.03,0,0
fixed_controller_relative_contract,79,1.0,0.8501534040240118,0.4441534040240118,0.03,0,0
adaptive_mode_calibrated_contract,0,1.0,1.1654458857778827,0.7314458857778827,0.03,0,0
adaptive_mode_calibrated_contract,1,1.0,1.1703165533654831,0.7363165533654832,0.03,0,0
adaptive_mode_calibrated_contract,2,1.0,1.1337789831811909,0.6997789831811909,0.03,0,0
adaptive_mode_calibrated_contract,3,1.0,1.1588717926827563,0.7248717926827564,0.03,0,0
adaptive_mode_calibrated_contract,4,1.0,1.1531946033167735,0.7191946033167735,0.03,0,0
adaptive_mode_calibrated_contract,5,1.0,1.1423326722186682,0.7083326722186682,0.03,0,0
adaptive_mode_calibrated_contract,6,1.0,1.122676453588365,0.6886764535883652,0.03,0,0
adaptive_mode_calibrated_contract,7,1.0,1.0987418413399124,0.6647418413399124,0.03,0,0
adaptive_mode_calibrated_contract,8,1.0,1.1311979806999528,0.6971979806999529,0.03,0,0
adaptive_mode_calibrated_contract,9,1.0,1.1197642603213844,0.6857642603213845,0.03,0,0
adaptive_mode_calibrated_contract,10,1.0,1.1035894182846873,0.6695894182846873,0.03,0,0
adaptive_mode_calibrated_contract,11,1.0,1.10980158472152,0.67580158472152,0.03,0,0
adaptive_mode_calibrated_contract,12,1.0,1.0913526158932325,0.6573526158932326,0.03,0,0
adaptive_mode_calibrated_contract,13,1.0,1.0760117339574087,0.6420117339574087,0.03,0,0
adaptive_mode_calibrated_contract,14,1.0,1.1104651703954769,0.6764651703954769,0.03,0,0
adaptive_mode_calibrated_contract,15,1.0,1.0694329278030321,0.6354329278030322,0.03,0,0
adaptive_mode_calibrated_contract,16,1.0,1.0812791522763514,0.6472791522763515,0.03,0,0
adaptive_mode_calibrated_contract,17,1.0,1.07520005871006,0.6412000587100601,0.03,0,0
adaptive_mode_calibrated_contract,18,1.0,1.0702182318462505,0.6362182318462506,0.03,0,0
adaptive_mode_calibrated_contract,19,1.0,1.0636362624010616,0.6296362624010616,0.03,0,0
adaptive_mode_calibrated_contract,20,1.0,1.0778002159631002,0.6438002159631002,0.03,0,0
adaptive_mode_calibrated_contract,21,1.0,1.0793462357405799,0.6453462357405799,0.03,0,0
adaptive_mode_calibrated_contract,22,1.0,1.044578809264317,0.610578809264317,0.03,0,0
adaptive_mode_calibrated_contract,23,1.0,1.0361255179321698,0.6021255179321698,0.03,0,0
adaptive_mode_calibrated_contract,24,1.0,1.0699669654676616,0.6359669654676616,0.03,0,0
adaptive_mode_calibrated_contract,25,1.0,1.0457420938535174,0.6117420938535174,0.03,0,0
adaptive_mode_calibrated_contract,26,1.0,1.0533745107466732,0.6193745107466733,0.03,0,0
adaptive_mode_calibrated_contract,27,1.0,1.0604114612696987,0.6264114612696987,0.03,0,0
adaptive_mode_calibrated_contract,28,1.0,1.0238396859535963,0.5178396859535963,0.03,0,0
adaptive_mode_calibrated_contract,29,1.0,1.0371077998757867,0.5311077998757867,0.03,0,0
adaptive_mode_calibrated_contract,30,1.0,1.0302090596202902,0.5242090596202902,0.03,0,0
adaptive_mode_calibrated_contract,31,1.0,1.0029764028273054,0.4969764028273054,0.03,0,0
adaptive_mode_calibrated_contract,32,1.0,1.0316857050834125,0.5256857050834125,0.03,0,0
adaptive_mode_calibrated_contract,33,1.0,1.022696617628104,0.516696617628104,0.03,0,0
adaptive_mode_calibrated_contract,34,1.0,1.0279179354831829,0.5219179354831829,0.03,0,0
adaptive_mode_calibrated_contract,35,1.0,1.021118504136749,0.515118504136749,0.03,0,0
adaptive_mode_calibrated_contract,36,1.0,1.0193701915209832,0.5133701915209832,0.03,0,0
adaptive_mode_calibrated_contract,37,1.0,0.982960032164465,0.47696003216446503,0.03,0,0
adaptive_mode_calibrated_contract,38,1.0,0.9904760237765852,0.48447602377658516,0.3,0,0
adaptive_mode_calibrated_contract,39,1.0,1.0073724065552763,0.5013724065552763,0.3,0,0
adaptive_mode_calibrated_contract,40,1.0,1.0108783230307508,0.5048783230307508,0.3,0,0
adaptive_mode_calibrated_contract,41,1.0,0.9866615516757765,0.4806615516757765,0.3,0,0
adaptive_mode_calibrated_contract,42,1.0,1.0009897790108355,0.4949897790108355,0.3,0,0
adaptive_mode_calibrated_contract,43,1.0,0.9792916080883682,0.47329160808836823,0.3,0,0
adaptive_mode_calibrated_contract,44,1.0,0.9866251886333569,0.4806251886333569,0.3,0,0
adaptive_mode_calibrated_contract,45,1.0,0.9833262594032022,0.47732625940320217,0.3,0,0
adaptive_mode_calibrated_contract,46,1.0,0.9716154822923224,0.5376154822923225,0.3,0,0
adaptive_mode_calibrated_contract,47,1.0,0.9380947178454366,0.5040947178454367,0.3,0,0
adaptive_mode_calibrated_contract,48,1.0,0.9675506763398022,0.5335506763398021,0.3,0,0
adaptive_mode_calibrated_contract,49,1.0,0.9750841906242883,0.5410841906242883,0.3,0,0
adaptive_mode_calibrated_contract,50,1.0,0.9462422034902505,0.5122422034902505,0.3,0,0
adaptive_mode_calibrated_contract,51,1.0,0.9224767414166878,0.4884767414166878,0.3,0,0
adaptive_mode_calibrated_contract,52,1.0,0.9311505725461403,0.4971505725461403,0.3,0,0
adaptive_mode_calibrated_contract,53,1.0,0.9283626585043965,0.4943626585043965,0.3,0,0
adaptive_mode_calibrated_contract,54,1.0,0.9211816104813462,0.4871816104813462,0.3,0,0
adaptive_mode_calibrated_contract,55,1.0,0.9330687410834939,0.4990687410834939,0.3,0,0
adaptive_mode_calibrated_contract,56,1.0,0.9442794109326003,0.5102794109326003,0.03,0,0
adaptive_mode_calibrated_contract,57,1.0,0.9213711203910165,0.48737112039101654,0.03,0,0
adaptive_mode_calibrated_contract,58,1.0,0.9158698140269079,0.4818698140269079,0.03,0,0
adaptive_mode_calibrated_contract,59,1.0,0.9377650735743145,0.5037650735743144,0.03,0,0
adaptive_mode_calibrated_contract,60,1.0,0.9001531631515141,0.46615316315151406,0.03,0,0
adaptive_mode_calibrated_contract,61,1.0,0.9181906341514111,0.4841906341514111,0.03,0,0
adaptive_mode_calibrated_contract,62,1.0,0.8817911440900368,0.4477911440900368,0.03,0,0
adaptive_mode_calibrated_contract,63,1.0,0.9166730893663055,0.48267308936630554,0.03,0,0
adaptive_mode_calibrated_contract,64,1.0,0.8727375408653996,0.43873754086539957,0.03,0,0
adaptive_mode_calibrated_contract,65,1.0,0.9015705210390996,0.46757052103909963,0.03,0,0
adaptive_mode_calibrated_contract,66,1.0,0.8986560596019706,0.4646560596019706,0.03,0,0
adaptive_mode_calibrated_contract,67,1.0,0.8619204939412771,0.4279204939412771,0.03,0,0
adaptive_mode_calibrated_contract,68,1.0,0.8683468878107733,0.4343468878107733,0.03,0,0
adaptive_mode_calibrated_contract,69,1.0,0.8870705452279539,0.4530705452279539,0.03,0,0
adaptive_mode_calibrated_contract,70,1.0,0.8548703977755866,0.4208703977755866,0.03,0,0
adaptive_mode_calibrated_contract,71,1.0,0.8866990342614737,0.4526990342614737,0.03,0,0
adaptive_mode_calibrated_contract,72,1.0,0.8826532069643577,0.4486532069643577,0.03,0,0
adaptive_mode_calibrated_contract,73,1.0,0.8790236308241451,0.44502363082414514,0.03,0,0
adaptive_mode_calibrated_contract,74,1.0,0.8487181127131924,0.4147181127131924,0.03,0,0
adaptive_mode_calibrated_contract,75,1.0,0.8612611986290007,0.42726119862900075,0.03,0,0
adaptive_mode_calibrated_contract,76,1.0,0.8526968924318264,0.41869689243182645,0.03,0,0
adaptive_mode_calibrated_contract,77,1.0,0.8537744325470873,0.4197744325470873,0.03,0,0
adaptive_mode_calibrated_contract,78,1.0,0.8173137378626486,0.3833137378626486,0.03,0,0
adaptive_mode_calibrated_contract,79,1.0,0.844646085925745,0.410646085925745,0.03,0,0
robust_one_sided_contract,0,1.0,1.1700854261323883,0.5960854261323882,0.03,0,0
robust_one_sided_contract,1,1.0,1.166975520088297,0.5929755200882969,0.03,0,0
robust_one_sided_contract,2,1.0,1.161489271429164,0.587489271429164,0.03,0,0
robust_one_sided_contract,3,1.0,1.162393253523674,0.588393253523674,0.03,0,0
robust_one_sided_contract,4,1.0,1.124389344188477,0.5503893441884768,0.03,0,0
robust_one_sided_contract,5,1.0,1.1529549225159454,0.5789549225159454,0.03,0,0
robust_one_sided_contract,6,1.0,1.1391990030080228,0.5651990030080227,0.03,0,0
robust_one_sided_contract,7,1.0,1.1010762934357037,0.5270762934357036,0.03,0,0
robust_one_sided_contract,8,1.0,1.0941251171222601,0.5201251171222601,0.03,0,0
robust_one_sided_contract,9,1.0,1.1132732943186452,0.5392732943186451,0.03,0,0
robust_one_sided_contract,10,1.0,1.1036140542402124,0.5296140542402124,0.03,0,0
robust_one_sided_contract,11,1.0,1.1165693986754637,0.5425693986754636,0.03,0,0
robust_one_sided_contract,12,1.0,1.0935943341358645,0.5195943341358644,0.03,0,0
robust_one_sided_contract,13,1.0,1.1164897826786953,0.5424897826786952,0.03,0,0
robust_one_sided_contract,14,1.0,1.0953279171430814,0.5213279171430814,0.03,0,0
robust_one_sided_contract,15,1.0,1.0806097720765881,0.5066097720765881,0.03,0,0
robust_one_sided_contract,16,1.0,1.0906800079696084,0.5166800079696083,0.03,0,0
robust_one_sided_contract,17,1.0,1.0902307241209297,0.5162307241209296,0.03,0,0
robust_one_sided_contract,18,1.0,1.0616006796481645,0.48760067964816445,0.03,0,0
robust_one_sided_contract,19,1.0,1.0518834170012563,0.47788341700125625,0.03,0,0
robust_one_sided_contract,20,1.0,1.0603282299854153,0.48632822998541525,0.03,0,0
robust_one_sided_contract,21,1.0,1.0720487090869317,0.49804870908693166,0.03,0,0
robust_one_sided_contract,22,1.0,1.057547512099078,0.483547512099078,0.03,0,0
robust_one_sided_contract,23,1.0,1.0497935884695428,0.4757935884695428,0.03,0,0
robust_one_sided_contract,24,1.0,1.0700508288349837,0.49605082883498364,0.03,0,0
robust_one_sided_contract,25,1.0,1.0621921486557369,0.4881921486557368,0.03,0,0
robust_one_sided_contract,26,1.0,1.0708022449241208,0.49680224492412073,0.03,0,0
robust_one_sided_contract,27,1.0,1.0478189167948018,0.4738189167948017,0.03,0,0
robust_one_sided_contract,28,1.0,1.056170707690165,0.41017070769016495,0.03,0,0
robust_one_sided_contract,29,1.0,1.0166522525081656,0.3706522525081656,0.03,0,0
robust_one_sided_contract,30,1.0,1.040541626618824,0.3945416266188241,0.03,0,0
robust_one_sided_contract,31,1.0,1.0228428160414174,0.37684281604141734,0.03,0,0
robust_one_sided_contract,32,1.0,1.027260209105228,0.38126020910522807,0.03,0,0
robust_one_sided_contract,33,1.0,1.010893668545932,0.36489366854593197,0.03,0,0
robust_one_sided_contract,34,1.0,1.0112565934656892,0.36525659346568917,0.03,0,0
robust_one_sided_contract,35,1.0,1.0002014698886483,0.3542014698886483,0.03,0,0
robust_one_sided_contract,36,1.0,1.0298314393597947,0.3838314393597947,0.03,0,0
robust_one_sided_contract,37,1.0,0.9999332799456897,0.3539332799456897,0.03,0,0
robust_one_sided_contract,38,1.0,1.000940252537611,0.35494025253761097,0.3,0,0
robust_one_sided_contract,39,1.0,0.9941908270259515,0.3481908270259515,0.3,0,0
robust_one_sided_contract,40,1.0,1.0095143919792593,0.3635143919792593,0.3,0,0
robust_one_sided_contract,41,1.0,0.9834570128815237,0.33745701288152363,0.3,0,0
robust_one_sided_contract,42,1.0,0.9617178163345351,0.3157178163345351,0.3,0,0
robust_one_sided_contract,43,1.0,0.9982178712558986,0.35221787125589854,0.3,0,0
robust_one_sided_contract,44,1.0,0.9691479920122945,0.3231479920122945,0.3,0,0
robust_one_sided_contract,45,1.0,0.9804621906952186,0.33446219069521854,0.3,0,0
robust_one_sided_contract,46,1.0,0.9577592588568151,0.38375925885681506,0.3,0,0
robust_one_sided_contract,47,1.0,0.9754471606928146,0.4014471606928145,0.3,0,0
robust_one_sided_contract,48,1.0,0.9404854583313441,0.36648545833134405,0.3,0,0
robust_one_sided_contract,49,1.0,0.9637308612330282,0.38973086123302814,0.3,0,0
robust_one_sided_contract,50,1.0,0.9623036570516085,0.3883036570516084,0.3,0,0
robust_one_sided_contract,51,1.0,0.9226108802630384,0.3486108802630383,0.3,0,0
robust_one_sided_contract,52,1.0,0.9562980633277178,0.38229806332771776,0.3,0,0
robust_one_sided_contract,53,1.0,0.954613026057689,0.380613026057689,0.3,0,0
robust_one_sided_contract,54,1.0,0.9288512247062635,0.3548512247062634,0.3,0,0
robust_one_sided_contract,55,1.0,0.9157391557914332,0.3417391557914331,0.3,0,0
robust_one_sided_contract,56,1.0,0.9029307654878095,0.3289307654878094,0.03,0,0
robust_one_sided_contract,57,1.0,0.9360643990270545,0.36206439902705445,0.03,0,0
robust_one_sided_contract,58,1.0,0.9021833196143071,0.328183319614307,0.03,0,0
robust_one_sided_contract,59,1.0,0.8892469438494616,0.3152469438494615,0.03,0,0
robust_one_sided_contract,60,1.0,0.8946658298123976,0.32066582981239755,0.03,0,0
robust_one_sided_contract,61,1.0,0.8926339027966338,0.31863390279663373,0.03,0,0
robust_one_sided_contract,62,1.0,0.9131431972299997,0.33914319722999964,0.03,0,0
robust_one_sided_contract,63,1.0,0.9171342577499999,0.34313425774999984,0.03,0,0
robust_one_sided_contract,64,1.0,0.9172421363966429,0.3432421363966428,0.03,0,0
robust_one_sided_contract,65,1.0,0.8797842694620076,0.30578426946200754,0.03,0,0
robust_one_sided_contract,66,1.0,0.909058970423298,0.3350589704232979,0.03,0,0
robust_one_sided_contract,67,1.0,0.8858879199758709,0.31188791997587084,0.03,0,0
robust_one_sided_contract,68,1.0,0.8626614686036991,0.288661468603699,0.03,0,0
robust_one_sided_contract,69,1.0,0.8852862037557199,0.3112862037557198,0.03,0,0
robust_one_sided_contract,70,1.0,0.8680274290153346,0.2940274290153345,0.03,0,0
robust_one_sided_contract,71,1.0,0.88057827686067,0.30657827686066996,0.03,0,0
robust_one_sided_contract,72,1.0,0.8699723710658446,0.2959723710658445,0.03,0,0
robust_one_sided_contract,73,1.0,0.8417131946616008,0.2677131946616007,0.03,0,0
robust_one_sided_contract,74,1.0,0.8337965398896787,0.25979653988967866,0.03,0,0
robust_one_sided_contract,75,1.0,0.8396283176496466,0.26562831764964656,0.03,0,0
robust_one_sided_contract,76,1.0,0.8326992715648354,0.2586992715648353,0.03,0,0
robust_one_sided_contract,77,1.0,0.8508728754952357,0.27687287549523565,0.03,0,0
robust_one_sided_contract,78,1.0,0.8629121509649553,0.28891215096495526,0.03,0,0
robust_one_sided_contract,79,1.0,0.8397273883061804,0.26572738830618037,0.03,0,0
overconfident_controller_relative_contract,0,1.0,1.1552779544004452,1.077777954400445,0.03,1,0
overconfident_controller_relative_contract,1,1.0,1.1507447617887703,1.0732447617887702,0.03,1,0
overconfident_controller_relative_contract,2,1.0,1.1421185328575092,1.064618532857509,0.03,1,0
overconfident_controller_relative_contract,3,1.0,1.1220387238694538,1.0445387238694537,0.03,1,0
overconfident_controller_relative_contract,4,1.0,1.133735851527422,1.056235851527422,0.03,1,0
overconfident_controller_relative_contract,5,1.0,1.1306748310233636,1.0531748310233635,0.03,1,0
overconfident_controller_relative_contract,6,1.0,1.1486781226450136,1.0711781226450134,0.03,1,0
overconfident_controller_relative_contract,7,1.0,1.1045017379905613,1.0270017379905612,0.03,1,0
overconfident_controller_relative_contract,8,1.0,1.1414232895631726,1.0639232895631725,0.03,1,0
overconfident_controller_relative_contract,9,1.0,1.1048741151275967,1.0273741151275966,0.03,1,0
overconfident_controller_relative_contract,10,1.0,1.1205368666916427,1.0430368666916425,0.03,1,0
overconfident_controller_relative_contract,11,1.0,1.0864356002816966,1.0089356002816965,0.03,1,0
overconfident_controller_relative_contract,12,1.0,1.0780487458514982,1.0005487458514981,0.03,1,0
overconfident_controller_relative_contract,13,1.0,1.1103125933414975,1.0328125933414973,0.03,1,0
overconfident_controller_relative_contract,14,1.0,1.089142376835282,1.0116423768352818,0.03,1,0
overconfident_controller_relative_contract,15,1.0,1.073060658481694,0.995560658481694,0.03,0,0
overconfident_controller_relative_contract,16,1.0,1.1093974261551878,1.0318974261551876,0.03,1,0
overconfident_controller_relative_contract,17,1.0,1.102296544451633,1.024796544451633,0.03,1,0
overconfident_controller_relative_contract,18,1.0,1.0865186943353775,1.0090186943353774,0.03,1,0
overconfident_controller_relative_contract,19,1.0,1.063453823550821,0.9859538235508211,0.03,0,0
overconfident_controller_relative_contract,20,1.0,1.0913481290055858,1.0138481290055856,0.03,1,0
overconfident_controller_relative_contract,21,1.0,1.0829834533871663,1.0054834533871662,0.03,1,0
overconfident_controller_relative_contract,22,1.0,1.0559405755793125,0.9784405755793125,0.03,0,0
overconfident_controller_relative_contract,23,1.0,1.059352486859893,0.9818524868598929,0.03,0,0
overconfident_controller_relative_contract,24,1.0,1.0771823054454457,0.9996823054454457,0.03,0,0
overconfident_controller_relative_contract,25,1.0,1.029126249107289,0.951626249107289,0.03,0,0
overconfident_controller_relative_contract,26,1.0,1.029813738415661,0.9523137384156609,0.03,0,0
overconfident_controller_relative_contract,27,1.0,1.0585852517970025,0.9810852517970025,0.03,0,0
overconfident_controller_relative_contract,28,1.0,1.0427394820797335,0.8932394820797336,0.03,0,0
overconfident_controller_relative_contract,29,1.0,1.010623789641647,0.861123789641647,0.03,0,0
overconfident_controller_relative_contract,30,1.0,1.0095935558148657,0.8600935558148657,0.03,0,0
overconfident_controller_relative_contract,31,1.0,1.0447792930426871,0.8952792930426872,0.03,0,0
overconfident_controller_relative_contract,32,1.0,1.043712958026274,0.8942129580262741,0.03,0,0
overconfident_controller_relative_contract,33,1.0,1.041070052728706,0.891570052728706,0.03,0,0
overconfident_controller_relative_contract,34,1.0,1.0026690636253413,0.8531690636253413,0.03,0,0
overconfident_controller_relative_contract,35,1.0,0.9914511647388785,0.8419511647388785,0.03,0,0
overconfident_controller_relative_contract,36,1.0,1.000166622043586,0.8506666220435861,0.03,0,0
overconfident_controller_relative_contract,37,1.0,1.0035022703601424,0.8540022703601424,0.03,0,0
overconfident_controller_relative_contract,38,1.0,0.9820901872924289,0.9270901872924289,0.3,0,0
overconfident_controller_relative_contract,39,1.0,0.9691717272517655,0.9141717272517655,0.3,0,0
overconfident_controller_relative_contract,40,1.0,1.0142492942805819,0.9592492942805819,0.3,0,0
overconfident_controller_relative_contract,41,1.0,0.9899275589781338,0.9349275589781338,0.3,0,0
overconfident_controller_relative_contract,42,1.0,0.9834287750815979,0.9284287750815978,0.3,0,0
overconfident_controller_relative_contract,43,1.0,0.9656281154030213,0.9106281154030214,0.3,0,0
overconfident_controller_relative_contract,44,1.0,0.9646165648691284,0.9096165648691283,0.3,0,0
overconfident_controller_relative_contract,45,1.0,0.9651710235010786,0.9101710235010787,0.3,0,0
overconfident_controller_relative_contract,46,1.0,0.9485250033661783,0.9655250033661782,0.3,0,0
overconfident_controller_relative_contract,47,1.0,0.9621077753853051,0.979107775385305,0.3,0,0
overconfident_controller_relative_contract,48,1.0,0.9686433625794517,0.9856433625794516,0.3,0,0
overconfident_controller_relative_contract,49,1.0,0.9563556658474233,0.9733556658474232,0.3,0,0
overconfident_controller_relative_contract,50,1.0,0.9581936876374632,0.9751936876374632,0.3,0,0
overconfident_controller_relative_contract,51,1.0,0.9339387159607957,0.9509387159607956,0.3,0,0
overconfident_controller_relative_contract,52,1.0,0.959360842376489,0.9763608423764889,0.3,0,0
overconfident_controller_relative_contract,53,1.0,0.9470664137061422,0.9640664137061421,0.3,0,0
overconfident_controller_relative_contract,54,1.0,0.9379003273928198,0.9549003273928198,0.3,0,0
overconfident_controller_relative_contract,55,1.0,0.9219178986862957,0.9389178986862956,0.3,0,0
overconfident_controller_relative_contract,56,1.0,0.9454536568716173,0.8679536568716174,0.03,0,0
overconfident_controller_relative_contract,57,1.0,0.9109692080735726,0.8334692080735727,0.03,0,0
overconfident_controller_relative_contract,58,1.0,0.8973375202368201,0.8198375202368201,0.03,0,0
overconfident_controller_relative_contract,59,1.0,0.9145248682324932,0.8370248682324933,0.03,0,0
overconfident_controller_relative_contract,60,1.0,0.9014600869004336,0.8239600869004337,0.03,0,0
overconfident_controller_relative_contract,61,1.0,0.892611590905153,0.8151115909051531,0.03,0,0
overconfident_controller_relative_contract,62,1.0,0.9203423646553598,0.8428423646553599,0.03,0,0
overconfident_controller_relative_contract,63,1.0,0.8963454425043513,0.8188454425043513,0.03,0,0
overconfident_controller_relative_contract,64,1.0,0.8910832012674865,0.8135832012674865,0.03,0,0
overconfident_controller_relative_contract,65,1.0,0.8961709610408589,0.818670961040859,0.03,0,0
overconfident_controller_relative_contract,66,1.0,0.8910441658938317,0.8135441658938317,0.03,0,0
overconfident_controller_relative_contract,67,1.0,0.8833525942210403,0.8058525942210403,0.03,0,0
overconfident_controller_relative_contract,68,1.0,0.866041197602829,0.788541197602829,0.03,0,0
overconfident_controller_relative_contract,69,1.0,0.8622235045826354,0.7847235045826354,0.03,0,0
overconfident_controller_relative_contract,70,1.0,0.8605728052598316,0.7830728052598316,0.03,0,0
overconfident_controller_relative_contract,71,1.0,0.8866059566032769,0.8091059566032769,0.03,0,0
overconfident_controller_relative_contract,72,1.0,0.8567995554693306,0.7792995554693306,0.03,0,0
overconfident_controller_relative_contract,73,1.0,0.8536642729058309,0.776164272905831,0.03,0,0
overconfident_controller_relative_contract,74,1.0,0.8660426051817917,0.7885426051817918,0.03,0,0
overconfident_controller_relative_contract,75,1.0,0.8448203474413575,0.7673203474413576,0.03,0,0
overconfident_controller_relative_contract,76,1.0,0.8655320849316362,0.7880320849316363,0.03,0,0
overconfident_controller_relative_contract,77,1.0,0.827109521729758,0.7496095217297581,0.03,0,0
overconfident_controller_relative_contract,78,1.0,0.8549991245883285,0.7774991245883286,0.03,0,0
overconfident_controller_relative_contract,79,1.0,0.8145863728499454,0.7370863728499454,0.03,0,0
oracle_admissibility_contract,0,1.0,1.15579105566958,1.18,0.03,1,0
oracle_admissibility_contract,1,1.0,1.1293047555606333,1.178,0.03,1,0
oracle_admissibility_contract,2,1.0,1.1465210860372257,1.176,0.03,1,0
oracle_admissibility_contract,3,1.0,1.1333512148275755,1.174,0.03,1,0
oracle_admissibility_contract,4,1.0,1.157496998322709,1.172,0.03,1,0
oracle_admissibility_contract,5,1.0,1.108909606736963,1.17,0.03,1,0
oracle_admissibility_contract,6,1.0,1.112176897672371,1.168,0.03,1,0
oracle_admissibility_contract,7,1.0,1.1396050498384558,1.166,0.03,1,0
oracle_admissibility_contract,8,1.0,1.1122659112274487,1.164,0.03,1,0
oracle_admissibility_contract,9,1.0,1.102233949718724,1.162,0.03,1,0
oracle_admissibility_contract,10,1.0,1.102834631056848,1.16,0.03,1,0
oracle_admissibility_contract,11,1.0,1.0846642651752234,1.158,0.03,1,0
oracle_admissibility_contract,12,1.0,1.1076225769814074,1.156,0.03,1,0
oracle_admissibility_contract,13,1.0,1.095533389261275,1.154,0.03,1,0
oracle_admissibility_contract,14,1.0,1.0926647446901374,1.152,0.03,1,0
oracle_admissibility_contract,15,1.0,1.065101506386463,1.15,0.03,1,0
oracle_admissibility_contract,16,1.0,1.091905067253514,1.148,0.03,1,0
oracle_admissibility_contract,17,1.0,1.0678051525757728,1.146,0.03,1,0
oracle_admissibility_contract,18,1.0,1.0999248544679343,1.144,0.03,1,0
oracle_admissibility_contract,19,1.0,1.0683814787654482,1.142,0.03,1,0
oracle_admissibility_contract,20,1.0,1.0687072808087714,1.14,0.03,1,0
oracle_admissibility_contract,21,1.0,1.0686903391216116,1.138,0.03,1,0
oracle_admissibility_contract,22,1.0,1.058250607343293,1.136,0.03,1,0
oracle_admissibility_contract,23,1.0,1.0664717343330445,1.134,0.03,1,0
oracle_admissibility_contract,24,1.0,1.0703860199786062,1.132,0.03,1,0
oracle_admissibility_contract,25,1.0,1.0289267742191117,1.13,0.03,1,1
oracle_admissibility_contract,26,1.0,1.0247443312986835,1.128,0.03,1,1
oracle_admissibility_contract,27,1.0,1.0664999828232793,1.126,0.03,1,0
oracle_admissibility_contract,28,1.0,1.0518336376793906,1.1239999999999999,0.03,1,1
oracle_admissibility_contract,29,1.0,1.0227037026243797,1.1219999999999999,0.03,1,1
oracle_admissibility_contract,30,1.0,1.0454493501949407,1.1199999999999999,0.03,1,1
oracle_admissibility_contract,31,1.0,1.0013745056975338,1.1179999999999999,0.03,1,1
oracle_admissibility_contract,32,1.0,1.0009774732967314,1.1159999999999999,0.03,1,1
oracle_admissibility_contract,33,1.0,1.0075042455300212,1.1139999999999999,0.03,1,1
oracle_admissibility_contract,34,1.0,0.9965989774213733,1.1119999999999999,0.03,1,1
oracle_admissibility_contract,35,1.0,1.0341548520808224,1.1099999999999999,0.03,1,1
oracle_admissibility_contract,36,1.0,0.9812336887884807,1.1079999999999999,0.03,1,1
oracle_admissibility_contract,37,1.0,1.011442874946918,1.1059999999999999,0.03,1,1
oracle_admissibility_contract,38,1.0,1.0033182185437362,1.1039999999999999,0.3,1,1
oracle_admissibility_contract,39,1.0,0.9889376341572658,1.1019999999999999,0.3,1,1
oracle_admissibility_contract,40,1.0,1.0100295678828393,1.0999999999999999,0.3,1,1
oracle_admissibility_contract,41,1.0,1.002004286622563,1.0979999999999999,0.3,1,1
oracle_admissibility_contract,42,1.0,0.9631691694385183,1.0959999999999999,0.3,1,1
oracle_admissibility_contract,43,1.0,0.9601181171277866,1.0939999999999999,0.3,1,1
oracle_admissibility_contract,44,1.0,0.969576074556225,1.0919999999999999,0.3,1,1
oracle_admissibility_contract,45,1.0,0.9854937756030093,1.0899999999999999,0.3,1,1
oracle_admissibility_contract,46,1.0,0.9902130099213758,1.0879999999999999,0.3,1,1
oracle_admissibility_contract,47,1.0,0.9710106333572974,1.0859999999999999,0.3,1,1
oracle_admissibility_contract,48,1.0,0.9631382060360288,1.0839999999999999,0.3,1,1
oracle_admissibility_contract,49,1.0,0.9629745938587707,1.0819999999999999,0.3,1,1
oracle_admissibility_contract,50,1.0,0.933955583840045,1.0799999999999998,0.3,1,1
oracle_admissibility_contract,51,1.0,0.9636906071614023,1.0779999999999998,0.3,1,1
oracle_admissibility_contract,52,1.0,0.9502733659193562,1.0759999999999998,0.3,1,1
oracle_admissibility_contract,53,1.0,0.9369812899212159,1.0739999999999998,0.3,1,1
oracle_admissibility_contract,54,1.0,0.9242833438926629,1.0719999999999998,0.3,1,1
oracle_admissibility_contract,55,1.0,0.9279583260968473,1.0699999999999998,0.3,1,1
oracle_admissibility_contract,56,1.0,0.9256464458060871,1.0679999999999998,0.03,1,1
oracle_admissibility_contract,57,1.0,0.9288609466681799,1.0659999999999998,0.03,1,1
oracle_admissibility_contract,58,1.0,0.9340047627052579,1.0639999999999998,0.03,1,1
oracle_admissibility_contract,59,1.0,0.898782089361616,1.0619999999999998,0.03,1,1
oracle_admissibility_contract,60,1.0,0.8856707662149872,1.06,0.03,1,1
oracle_admissibility_contract,61,1.0,0.9206894594044503,1.0579999999999998,0.03,1,1
oracle_admissibility_contract,62,1.0,0.8981974386491633,1.056,0.03,1,1
oracle_admissibility_contract,63,1.0,0.9058254731620807,1.0539999999999998,0.03,1,1
oracle_admissibility_contract,64,1.0,0.9058488774243896,1.052,0.03,1,1
oracle_admissibility_contract,65,1.0,0.8913713842722825,1.0499999999999998,0.03,1,1
oracle_admissibility_contract,66,1.0,0.8672436221849842,1.048,0.03,1,1
oracle_admissibility_contract,67,1.0,0.8821658060904823,1.0459999999999998,0.03,1,1
oracle_admissibility_contract,68,1.0,0.8746374129530853,1.044,0.03,1,1
oracle_admissibility_contract,69,1.0,0.8572139314151213,1.0419999999999998,0.03,1,1
oracle_admissibility_contract,70,1.0,0.880923952859288,1.04,0.03,1,1
oracle_admissibility_contract,71,1.0,0.8422314722192912,1.0379999999999998,0.03,1,1
oracle_admissibility_contract,72,1.0,0.8660854233440421,1.036,0.03,1,1
oracle_admissibility_contract,73,1.0,0.8344256419521144,1.034,0.03,1,1
oracle_admissibility_contract,74,1.0,0.8405287181082239,1.032,0.03,1,1
oracle_admissibility_contract,75,1.0,0.8529942147726731,1.03,0.03,1,1
oracle_admissibility_contract,76,1.0,0.839405145726451,1.028,0.03,1,1
oracle_admissibility_contract,77,1.0,0.8270363882898164,1.026,0.03,1,1
oracle_admissibility_contract,78,1.0,0.8474435070044752,1.024,0.03,1,1
oracle_admissibility_contract,79,1.0,0.8344224697717808,1.022,0.03,1,1
